date,tavg,tmin,tmax,prcp,snow,wdir,wspd,wpgt,pres,tsun
2020-11-01,15.5,12.8,18.2,2.3,0,214.4,30.5,63,1012,0
2020-11-02,17.7,11.7,21.2,5.1,0,223.1,37.7,72,1010.3,80
2020-11-03,10.8,7.3,13.8,0.1,0,219.5,23.5,49,1022.6,345
2020-11-04,6.7,2.6,11.7,0,0,251,10,32,1032.3,428
2020-11-05,4.8,0.9,10.3,0,0,102.2,6.5,15,1038.7,492
2020-11-06,6.9,1.5,13.5,0,0,85.8,15.7,35,1032.3,501
2020-11-07,10.2,6.5,15.6,0,0,111.2,9.7,22,1023.8,453
2020-11-08,11.5,7.7,15.4,1.7,0,158.7,12.2,41,1022,239
2020-11-09,12.8,9.6,17.1,0,0,120,8.8,31,1022.8,215
2020-11-10,11.4,8.6,15.8,0,0,224.6,10.6,24,1025,478
2020-11-11,10.1,8.7,13,4,0,172.1,9.7,37,1024.2,133
2020-11-12,10.7,6.9,14.8,0,0,207.7,21.3,46,1018.3,188
2020-11-13,10.4,5.1,14.5,0,0,196.6,23.5,46,1017.4,144
2020-11-14,13.9,12.6,16.8,0,0,197.9,23.7,53,1015.7,299
2020-11-15,13.6,9,17.8,4,0,194.4,35,80,1006.9,49
2020-11-16,11,8.8,12.9,0.1,0,229.1,29.9,63,1014.1,45
2020-11-17,11.9,9,14,0,0,215.7,23.9,44.5,1024.8,0
2020-11-18,12.7,10.8,15.9,0.2,0,194.2,20,48.2,1022.4,454
2020-11-19,9.4,4.5,14.4,1.1,0,259.6,25.1,61,1023,1
2020-11-20,5.2,2.7,9.5,0,0,229.6,11.9,26,1035,45
2020-11-21,6.2,2.1,9.8,0,0,210,28.8,55,1031.3,26
2020-11-22,9.3,7.9,10.4,0.4,0,228.7,20.7,43,1027,0
2020-11-23,7.6,4.7,10.9,0,0,244.7,9.6,36,1028.5,194
2020-11-24,6.3,4.2,8.8,0,0,184.8,14,33,1023.5,160
2020-11-25,6.8,5,9.8,0,0,186.5,17.3,41,1017.5,365
2020-11-26,5.7,3.5,8.2,0,0,185.8,10.3,33,1020.6,254
2020-11-27,3.4,2.1,5,0,0,114.1,8.6,20,1019.5,111
2020-11-28,4.5,1.5,9.9,0,0,89,12,25,1020.1,412
2020-11-29,1,-2.9,3.1,0,0,84.4,15.4,33,1025.6,11
2020-11-30,0.1,-3.6,3.9,18.6,0,227.8,18.4,51,1024.5,143
2020-12-01,5,3.3,7,5.7,0,296.6,17.9,45,1015.7,0
2020-12-02,4.3,3,5.1,0.2,0,42.4,6.6,23,1016.9,18
2020-12-03,4.3,3,5.6,0.2,0,192.1,26.5,58,999.6,0
2020-12-04,6,3.3,8.2,0.6,0,182.2,26.1,64,985.2,0
2020-12-05,5,2.6,7.8,0,0,146.4,13.3,36,996.9,296
2020-12-06,3.7,2,5.2,4.4,0,321.4,8.8,19,1000.5,0
2020-12-07,4.1,2,5.7,6.2,0,213.1,15,32,999.4,0
2020-12-08,4.1,1.4,5.8,0.2,0,85.9,7.2,18,1003.7,1
2020-12-09,2.7,-0.8,4.9,0,0,215.8,10,24,1009.9,120
2020-12-10,0.6,-1.3,3.1,0,0,143.5,9,30,1006.8,244
2020-12-11,3.3,1.4,5.4,1.6,0,153.2,18.6,39,994.7,35
2020-12-12,6.4,4.6,7.5,3.3,0,219.7,15,36,997.1,0
2020-12-13,7.4,5.6,9.9,1.1,0,220.1,21.9,52,1009.4,70
2020-12-14,8.3,6.3,11,6.7,0,190.4,27.7,64,1007.5,86
2020-12-15,8,6.3,9.2,8.3,0,199.1,18.2,46,1010.3,0
2020-12-16,8.5,5.4,11.5,0,0,166.4,13.6,37,1015.4,45
2020-12-17,9.7,6.4,12.4,1,0,211.8,23.3,47,1018.7,177
2020-12-18,7.3,5.4,11,0,0,190.6,19.7,47,1020.8,371
2020-12-19,9.5,6.1,13,0,0,188.3,24.3,53,1014.4,255
2020-12-20,9.4,6.8,11.2,0,0,209.6,20,47,1018,11
2020-12-21,7.6,4.9,11.5,6.7,0,196.6,29.5,65,1016.1,0
2020-12-22,13,11.1,15.4,7.3,0,240.4,28.7,67,1012.8,59
2020-12-23,11.4,9.4,12.3,8.4,0,214.3,22.8,66,1010.6,0
2020-12-24,6.5,4.4,9.6,1.9,0,280.6,20.5,55,1011.3,0
2020-12-25,3.6,1.7,5.1,0,0,304.2,12.8,35,1023.9,11
2020-12-26,4.2,2.6,6.3,0,0,225.7,25.8,68,1022.1,165
2020-12-27,5.1,4.2,6.1,2,0,197.5,45.5,91,989,0
2020-12-28,4.5,1.9,5.9,0.9,0,176.6,15.3,43,977.8,14
2020-12-29,3.5,1.3,6.1,0.1,0,212.9,15,46,988.1,56
2020-12-30,4.4,3.1,6.1,3.9,0,224.7,16.9,34,1001.7,0
2020-12-31,3.1,1.7,4.3,3.8,0,241.4,9.5,37,1003.1,0
2021-01-01,3.1,1.5,5.3,0,0,261.6,9.3,19,1009.2,45
2021-01-02,2.8,1.5,4.2,0,0,153,4.9,23,1013.9,0
2021-01-03,3.3,2,4.1,0.4,0,23.7,12.8,30,1014.3,0
2021-01-04,2.6,2,3.1,0,0,41.1,9,33,1015.5,0
2021-01-05,2.8,2.3,3.4,2.1,0,24.1,8.5,24,1016.1,0
2021-01-06,2.9,1.3,3.9,0,0,353.1,9.9,25,1015.5,0
2021-01-07,1.8,0.8,2.4,9,0,253.4,13.1,36,1013.3,0
2021-01-08,1.5,-0.5,2.5,1,40,304.9,10.4,36,1015.3,0
2021-01-09,1.3,0,2,1.4,50,288.3,6.2,13,1023.6,0
2021-01-10,1.6,0.1,3.6,0,30,237.7,4.7,22,1025.3,0
2021-01-11,1.9,-0.7,5.2,3,30,198,11.1,57,1020.3,9
2021-01-12,5.1,1.1,7.4,4.2,0,272.4,20,68,1009.7,0
2021-01-13,3.1,0.9,5.1,0,0,270.7,17,53,1016.4,24
2021-01-14,2.1,-0.2,3.8,0,0,46.4,11,34,1019,4
2021-01-15,1.3,-1,3.1,0,0,6.8,10.6,37,1026.4,48
2021-01-16,0.5,-1.1,2.1,1.7,0,192.4,8.7,34,1025.4,0
2021-01-17,0.7,-1,4.1,3.1,10,201,8.8,34,1018.5,0
2021-01-18,4.9,3.5,6.8,0.4,0,248.1,15.2,44,1022.7,6
2021-01-19,6.2,4.7,8.6,5.5,0,213.5,20.3,81,1011.5,0
2021-01-20,7.9,5,11.6,1.4,0,175.3,18,68,1001.8,3
2021-01-21,8.9,5.2,12.2,4,0,191.1,24.8,92,993.2,177
2021-01-22,5.3,1,11.2,0.1,0,220.3,13.4,77,992.9,4
2021-01-23,4.1,0.9,7.8,15.1,0,158.6,8.6,37,996,259
2021-01-24,1.3,0.1,4,5.1,60,261.2,14.7,60,997.5,36
2021-01-25,1.2,0.1,2.9,1.4,120,28.3,8.7,35,1004.4,16
2021-01-26,3.1,1.6,5.2,0.9,60,257.8,18.9,50,1015.7,0
2021-01-27,3.1,1,5.1,4.6,20,196.7,13.2,48,1013.2,0
2021-01-28,5.3,4,6.8,29.3,0,176.6,9.6,62,1004.4,0
2021-01-29,8.6,6.7,11.4,3.1,0,241.6,21.4,69,996.8,19
2021-01-30,3.2,1.3,7.6,0,0,55.2,13.7,48,1001.3,0
2021-01-31,1,-1.6,3.4,0.3,0,108,11.9,42,1001.7,237
2021-02-01,3.7,2,5.4,0.7,0,157.2,12.2,33,994.8,0
2021-02-02,6.8,3.4,10.9,3.9,0,196.1,12,51,1001.5,0
2021-02-03,9.8,7.6,13.1,13.3,0,204.1,15.1,59,998.8,40
2021-02-04,8.2,5.4,10.8,0,0,215.4,13.4,50,1012.4,410
2021-02-05,8.6,7.1,11.2,0.2,0,136.7,11.2,39,1011.9,31
2021-02-06,5.9,2.3,7.6,18.5,0,103.8,14.3,54,1008.3,0
2021-02-07,0.9,-1.2,2.4,3.9,0,99.9,15.9,50,998.1,0
2021-02-08,-3.7,-5.8,-1.1,0.2,0,74.4,12.2,41,1000.3,0
2021-02-09,-6.5,-8.9,-3.6,0,20,47.2,10.4,36,1006.8,382
2021-02-10,-5.6,-10.1,-1.7,0,20,38,10.8,36,1013.1,349
2021-02-11,-3.6,-7.7,0.9,0,20,47.3,7.4,28,1028.6,509
2021-02-12,-4.4,-8,-0.6,0,20,90.7,15.2,51,1033.4,427
2021-02-13,-3.1,-7.2,1.7,0,20,110.4,16.5,42,1039.1,540
2021-02-14,-0.2,-5.2,4.8,0,20,134.2,21.2,59,1037.5,422
2021-02-15,2.3,0.8,4.5,1.9,10,155.2,19.2,63,1027.3,0
2021-02-16,7.8,4.3,11.9,0.5,10,157.6,13.7,53,1017.4,36
2021-02-17,9.5,7,12.2,0,0,224,16.1,59,1017,3
2021-02-18,7.9,5.3,10.9,1.9,0,151.4,18.6,62,1012.7,19
2021-02-19,7.3,2.7,11.7,0,0,174.3,13.4,42,1016.8,374
2021-02-20,11.2,6.8,16.4,0,0,143.2,17.5,52,1015,446
2021-02-21,13,8.1,18.2,0,0,141.3,16.1,51,1015.7,562
2021-02-22,11.2,6.4,15.4,0,0,143.5,13.4,42,1020.4,1
2021-02-23,14.6,10,19.6,0,0,165.7,12.2,53,1030.2,473
2021-02-24,14.6,9.6,20.3,0,0,170.6,13.4,45,1030.4,500
2021-02-25,13.8,8.9,20.6,1.8,0,183.2,9.3,38,1027.3,486
2021-02-26,8.7,4.9,11.7,0.7,0,331,12.2,31,1033.2,136
2021-02-27,5.9,3.1,10.8,0,0,354.7,6.2,31,1039.7,324
2021-02-28,7.4,1,14,0,0,64.2,8.3,36,1037.1,590
2021-03-01,6.7,0,14.9,0,0,107.1,8.6,36,1033.7,596
2021-03-02,9.2,0.9,17,0,0,131.8,11.6,24,1031.6,598
2021-03-03,10.3,5.7,17.4,0.3,0,175.7,7.2,28,1028.3,437
2021-03-04,5.8,3.4,8.2,8.4,0,310,8.3,35,1021.2,7
2021-03-05,3.4,-1.1,6.6,0,0,16.6,12.9,48,1027.2,517
2021-03-06,2.3,-3.5,8.6,0,0,67.2,5.6,52,1032.9,616
2021-03-07,2.2,-3.4,7.7,0,0,10.7,6.8,27,1025.9,613
2021-03-08,3.5,1.3,6.7,0,0,306.8,5.4,19,1023.3,0
2021-03-09,4.3,2.7,6.1,2.8,0,223.4,8,30,1018.9,0
2021-03-10,7.4,3.3,11.5,2.1,0,196.7,12.3,62,1016.9,52
2021-03-11,10.2,6.3,15.1,3.5,0,224.7,27.1,95,1001.4,218
2021-03-12,7.6,5.8,11.7,3.3,0,239.1,24.4,76,1005.9,142
2021-03-13,7.5,3.9,10.1,5.7,0,234.9,28.2,94,998.1,174
2021-03-14,5.6,3.9,9.3,8.6,0,264.2,16.8,58,1008.9,100
2021-03-15,6.3,4.4,10.1,1.7,0,287.2,18.4,58,1013.1,134
2021-03-16,5.9,4.4,9,4.6,0,308.7,15.7,40,1022.5,96
2021-03-17,5,1.2,7,0.5,0,343.2,12.4,40,1024.8,50
2021-03-18,3.5,-0.5,7.4,3,0,306.2,8.3,21,1023.8,48
2021-03-19,4.7,1.4,8.8,0,0,25.9,15.1,48,1023.2,500
2021-03-20,4.5,0.1,8.2,0.6,0,345.1,6.6,22,1028.4,432
2021-03-21,6.3,4.8,8.3,0.3,0,308.9,16.7,39,1022.6,4
2021-03-22,6,3.9,7.9,0,0,316.5,11.4,28,1024.5,0
2021-03-23,8.1,5.3,12.8,0,0,222,6.4,31,1025.9,89
2021-03-24,9.3,2.9,17.7,0,0,185.4,8,32,1023,630
2021-03-25,9.5,3.7,15.1,0,0,218,7.2,30,1020.5,216
2021-03-26,11.6,5.6,16.5,1.5,0,180.3,13.1,46,1017.4,460
2021-03-27,7.9,4.4,11.4,0.6,0,247.3,19.6,66,1020.7,333
2021-03-28,10.8,6,16,0,0,,14,46.4,1027.1,177
2021-03-29,14.1,6.6,22.2,0,0,205,9.6,39,1029.9,709
2021-03-30,14.6,4.3,24.5,0,0,128.4,7.2,22,1030.7,702
2021-03-31,16.9,7.3,26.6,0,0,138.3,7.7,28,1023.3,712
2021-04-01,14,7.1,21.4,0,0,352.8,9.3,33.3,1021,626
2021-04-02,6.9,4.7,8.8,0,0,343.1,13,31.5,1024.6,133
2021-04-03,8.2,4.7,12.7,0,0,341.7,12.1,27.8,1026,453
2021-04-04,5.6,2.7,8.1,0,0,303.7,7.6,18.5,1024.3,30
2021-04-05,3.3,0.3,7,5.2,0,276.8,21.1,100,1011.2,138
2021-04-06,2.2,0.2,6.3,2.4,20,288.8,22.6,42.6,1012.8,163
2021-04-07,2.3,0,5.5,3.2,20,276.9,22.4,50,1016.4,27
2021-04-08,5.2,1.8,9.4,0,0,244,12.2,31.5,1023.8,472
2021-04-09,9.3,3.4,15.4,3.8,0,192.5,10.4,33.3,1015.4,380
2021-04-10,9.3,7.2,10.9,6.4,0,127.9,9.2,22.2,1011.5,0
2021-04-11,5.7,3.2,10.2,7.7,0,304.2,13.8,33.3,1012,0
2021-04-12,3.1,-0.1,7.7,2.1,0,287.4,9.3,29.6,1026.1,220
2021-04-13,4.5,-1.4,10.2,0,0,307.4,8.5,24.1,1031.7,274
2021-04-14,4,-1,9.5,0,0,4.8,7.2,40,1030.6,432
2021-04-15,5.2,-0.9,10.6,0,0,23.7,7.9,31,1029.7,392
2021-04-16,7.8,2.1,12.5,0,0,18,10.4,31,1027.4,44
2021-04-17,8.8,3.1,12.6,0,0,13.3,9.1,33,1024.9,272
2021-04-18,9.7,5.5,13.9,2.1,0,326.3,8.7,28,1022.1,163
2021-04-19,9.7,6,13.8,3.8,0,297.8,4.3,19,1019.7,66
2021-04-20,10.9,3.2,17.8,0,0,95.1,5.2,21,1017.6,604
2021-04-21,11.4,6.2,18.1,0,0,14.6,9.5,36,1017.2,310
2021-04-22,8.1,2.2,13.1,0,0,340.6,10.5,32,1025.2,720
2021-04-23,8.6,1.7,14.9,0,0,357.9,6.6,26,1028.7,801
2021-04-24,9.4,3.2,15.4,0,0,25.1,9.6,44,1026.9,753
2021-04-25,7.9,3.7,13.2,0,0,23.8,11,37,1026.3,799
2021-04-26,9.4,1.1,16,0,0,68,8.4,39,1020.1,804
2021-04-27,11.1,4.2,17.4,0,0,109.1,10.2,37,1011.2,818
2021-04-28,14.3,3.6,20.9,0,0,138.9,9.7,31,1004.5,572
2021-04-29,10.7,5.3,14.6,0.2,0,241.9,16,54,1004.6,134
2021-04-30,8.5,5.2,13.4,0.1,0,263.2,7.6,24,1013.1,147
2021-05-01,10,5.4,14.4,0,0,300.9,7.8,22.2,1013.8,382
2021-05-02,8.1,4.2,11.9,0,0,303.5,12.9,31.5,1017.4,90
2021-05-03,9.7,1.3,14.6,1.1,0,218.7,12.6,40.8,1019.2,350
2021-05-04,11.1,6.8,15.6,0.8,0,220.6,27.7,77.8,1002.2,236
2021-05-05,8.2,4.4,12.3,2.3,0,262.3,20.1,58,1005.5,232
2021-05-06,8.1,3.9,13.1,2.9,0,235.1,9.9,37,1007,194
2021-05-07,7.6,3.5,13,5.2,0,279.5,12.4,33.3,1013.4,309
2021-05-08,11.8,3.2,18,0,0,151.7,13.7,38.9,1015.4,264
2021-05-09,20.6,10.7,28.3,0.7,0,157.5,16.8,44.5,1005.5,714
2021-05-10,19.1,15,22.2,1.8,0,177.9,15.1,46.3,1005.9,29
2021-05-11,14.3,11.8,16.3,1.3,0,263.6,6.2,22.2,1008.7,21
2021-05-12,13.3,9.7,18.6,0.5,0,261.5,6.9,28,1011.5,232
2021-05-13,13.5,7.5,20.4,0,0,185.3,5.8,37,1007.7,542
2021-05-14,13,9,18.5,0.5,0,221.7,5.5,35,1007.5,366
2021-05-15,11.7,9.3,14.8,4.9,0,187.5,12.4,48,1005.2,92
2021-05-16,11.7,8.5,17,6.6,0,203.6,11.3,66,1002,336
2021-05-17,11.4,8.7,15.3,9.9,0,225.9,14.3,55,1003.7,143
2021-05-18,11.2,8.3,16.4,9.8,0,256.3,11.1,37,1012.3,170
2021-05-19,11.8,7.7,17,2.1,0,265.3,8.9,41,1016.4,368
2021-05-20,13.3,9,17.8,0,0,244.1,9.8,41,1019,176
2021-05-21,14.2,9.9,18.7,1.3,0,207.3,20.4,75,1006.5,366
2021-05-22,11.4,9.2,13.5,1.4,0,221.4,21.7,66,1004.9,11
2021-05-23,12.8,9.3,17.2,0,0,228.9,15.5,49,1013.1,260
2021-05-24,13.6,10.2,17,1.5,0,169.5,17.4,62,1010.3,204
2021-05-25,9.9,7.7,14.2,9.1,0,232.2,19.9,67,1012.7,52
2021-05-26,11,9,15.1,3.3,0,231.9,13.8,49,1012.9,112
2021-05-27,11.1,9.1,13.4,5.8,0,279.1,17.2,45,1017.2,0
2021-05-28,13.6,7.8,19.4,0,0,6.2,7.3,30,1023.6,650
2021-05-29,14.3,6.9,20,0,0,29.1,8.3,28,1025.5,711
2021-05-30,16.2,7.2,23.6,0,0,89.2,8.1,38,1026.7,825
2021-05-31,18.2,10.1,25.4,0,0,99,5,32,1022.4,788
2021-06-01,19.5,10.8,26.2,0,0,112.1,11.3,48,1018.1,915
2021-06-02,21.5,12.1,28.4,0,0,131.7,10.8,40,1015.6,859
2021-06-03,20.7,17.6,25.5,2.9,0,150,7.6,33,1019.5,181
2021-06-04,21.3,17.4,28,31.5,0,123,5.5,32,1020.4,405
2021-06-05,17.8,15.5,22,0.5,0,269.8,11.5,27,1019.8,5
2021-06-06,15.9,13.9,18.4,0.1,0,313.5,12.2,23,1023,0
2021-06-07,17.7,15.5,20.6,0,0,354.6,8.6,19,1023,67
2021-06-08,19.3,15.1,24.6,0,0,2.1,6.3,21,1022.7,259
2021-06-09,20.9,13.8,26.8,0,0,357.1,6.8,22,1021.5,708
2021-06-10,21.7,14.9,27.5,0,0,257,5.3,28,1020.7,805
2021-06-11,21.7,14.9,27.5,0,0,303.1,8.4,28,1019.3,750
2021-06-12,19.6,13.9,23.7,0,0,296.6,14.5,39,1020.4,330
2021-06-13,17.5,11,24.2,0,0,348,6.1,22,1026.8,930
2021-06-14,21.4,12.6,29.1,0,0,121.2,8,22,1021.3,919
2021-06-15,22,15.8,27.3,0,0,3.9,9.2,26,1019.2,737
2021-06-16,24.9,16.8,32,0,0,111.6,8.4,24,1014.4,780
2021-06-17,28,21.2,34.6,0,0,147,11.6,35,1011.1,867
2021-06-18,27.9,21.6,33.6,0,0,125.9,8,45,1012.3,606
2021-06-19,25.7,19,31.4,40.7,0,238.1,7.2,30,1013.1,750
2021-06-20,23.2,19.1,27.1,0.4,0,222.4,12.8,45,1008.3,521
2021-06-21,18.4,15.6,21.1,0.4,0,347.3,14.8,32,1007.4,46
2021-06-22,15.1,13.4,18.1,9.2,0,13.3,12,30,1015.1,2
2021-06-23,17,14.2,21.2,0.1,0,7.1,10.1,27,1019.1,157
2021-06-24,18.1,14.1,21.5,0,0,6.2,10,28,1019.1,60
2021-06-25,18.9,13.7,24.1,0,0,282.3,7.3,31,1018.3,737
2021-06-26,20.2,14,26.3,0,0,106.2,5.7,23,1018.2,643
2021-06-27,22,15.6,28,0.8,0,109.5,9.9,55,1015.6,379
2021-06-28,22.3,17.5,28,2.7,0,154,8.6,35,1013.7,470
2021-06-29,20.5,15.2,26.1,28.9,0,274,7.7,61,1011.5,205
2021-06-30,16.6,14,20.2,0.6,0,269.6,13,33,1011.6,84
2021-07-01,14.2,13.4,15.4,4.9,0,267.8,15.2,32,1015.5,0
2021-07-02,17.7,12.7,22.9,0,0,236.7,5.9,25,1017.4,655
2021-07-03,19.7,13,27.7,1.8,0,156.8,5.5,20,1015.3,574
2021-07-04,18.1,14.6,23.6,20.7,0,206.9,5.2,54,1010.9,228
2021-07-05,18,14.6,21,2.2,0,170.3,8.9,34,1009.5,19
2021-07-06,19.8,14.6,23.5,2.9,0,183.2,17.2,64,1007.7,160
2021-07-07,19.5,14.1,25.5,0,0,179,9.4,37,1015.2,326
2021-07-08,18.3,14.3,23.4,4.3,0,240.3,5.2,18,1019.6,92
2021-07-09,18.7,16,23.3,0,0,298.9,9,27,1021.1,53
2021-07-10,18.9,14.8,24.1,16.4,0,164.7,4.6,38,1017.4,166
2021-07-11,18.7,15.8,23.5,0,0,287.4,8.1,24,1015.8,239
2021-07-12,20.6,15.2,25.8,4.4,0,125.1,7.7,22,1011.7,397
2021-07-13,19.9,17.3,22.7,11.6,0,344.9,9.3,35,1008.3,25
2021-07-14,17.3,15.3,17.9,153.5,0,344.5,11.6,45,1008.2,0
2021-07-15,19,14.3,23.6,0,0,26.1,8.6,45,1011.8,50
2021-07-16,18.3,16.4,19.8,0,0,326.6,12.3,26,1020.4,0
2021-07-17,20.9,17.6,26.7,0,0,337.6,11.9,31,1023.7,407
2021-07-18,21.7,15,27.2,0,0,336,10.7,27,1022.8,872
2021-07-19,18.5,14.7,22.3,0,0,354.7,9.1,28,1021.2,237
2021-07-20,18.2,12.2,24,0,0,358,7.6,27,1021.1,679
2021-07-21,19.3,11.8,25.7,0,0,79,6.3,26,1023,771
2021-07-22,20.5,13.7,26.4,0,0,357.9,5.7,21,1021.7,600
2021-07-23,21,13.9,27.4,0,0,340.9,5.1,27,1017,804
2021-07-24,19,15.8,22,3.8,0,146.2,9,37,1010,45
2021-07-25,21.4,16.1,26.9,0.2,0,168.8,7.5,41,1008.8,542
2021-07-26,20.7,17.5,26.1,2.4,0,184.4,10.7,35,1010.4,318
2021-07-27,19.5,16.6,25.3,1.2,0,182.4,9.3,36,1012.2,102
2021-07-28,19.9,16.7,23.7,3,0,205.1,14,50,1011.2,141
2021-07-29,18.4,14.9,22.5,0,0,232.8,17.7,51,1012.2,231
2021-07-30,20,14.1,25.9,1,0,200.3,12,52,1009.3,470
2021-07-31,18.7,16.5,22.2,0.6,0,242.3,19.3,49,1008.7,125
2021-08-01,17.5,15.1,22.3,3.9,0,264.6,10.3,37,1010,270
2021-08-02,16.2,12.4,20.3,0.3,0,296.9,6.2,19,1013.9,164
2021-08-03,15.2,12,19.3,0.8,0,63.8,6.5,25,1013.3,52
2021-08-04,17.4,12,23,0,0,352.5,3.4,27,1013.1,297
2021-08-05,19.2,15.3,24.1,1.4,0,155.2,5.8,24,1009.2,319
2021-08-06,19.1,16.4,22.9,2.1,0,196.9,13.8,51,1004.4,105
2021-08-07,19.1,15.7,23.7,0.1,0,182.6,14.5,45,1003.8,183
2021-08-08,17.6,14.3,21.1,6.5,0,220.5,16.9,53,1009.4,229
2021-08-09,17.1,14.7,22.3,6.5,0,189.2,12.5,43,1016.3,139
2021-08-10,18,14,24.1,2.8,0,208,9,35,1017.2,331
2021-08-11,19.4,15.1,25.3,0,0,220.2,6.3,24,1019.4,507
2021-08-12,20.8,15.4,27.2,0,0,138.6,3.5,24,1019.9,510
2021-08-13,20.7,16,26.9,0,0,247.5,9.3,33,1020.9,514
2021-08-14,20.3,14.6,26.9,0,0,249.9,8.5,31,1021.1,817
2021-08-15,21.6,14.9,28.5,0,0,198.3,7.4,37,1014.7,632
2021-08-16,16,12.1,20.3,7.2,0,268.8,19.3,44,1012.6,41
2021-08-17,14.4,12.2,17.3,4.5,0,256.7,15.6,43,1017.8,7
2021-08-18,16.7,14.5,18.9,2.8,0,260.6,14.3,35,1015.8,5
2021-08-19,18,15.6,20.4,0,0,248.4,13.6,37,1014.6,5
2021-08-20,18.1,15,22.8,0,0,242.4,8.3,29,1016.9,140
2021-08-21,20.1,13.3,26.2,4,0,142.5,6.7,20,1017.5,468
2021-08-22,19.1,16.6,22.4,0.1,0,241,13.4,44,1015.8,176
2021-08-23,18,13.8,21.8,0.3,0,352.7,9.3,29,1021.4,170
2021-08-24,17.5,12.9,23,0,0,42.2,13.6,42,1026.1,630
2021-08-25,17.5,10.4,23.9,0.5,0,314,7.9,24,1022.4,716
2021-08-26,15.7,12,19.8,6.6,0,315.7,16.9,33,1014.8,159
2021-08-27,14.4,11.2,18.6,7.7,0,316,14.5,39,1016.9,82
2021-08-28,16.2,14.1,20,4.1,0,330.3,12.6,42,1018.4,88
2021-08-29,15.5,14.2,17.1,4.4,0,326.2,14.6,36,1018.3,0
2021-08-30,17.1,13.7,20.6,0,0,349.5,12.5,31,1018.9,123
2021-08-31,16.4,12.7,21.7,0,0,347.9,9.7,27,1023.6,198
2021-09-01,15.2,11.2,17.1,0,0,338.1,6.9,21,1027.7,30
2021-09-02,16.8,10.5,24.1,0,0,82.6,5.8,33,1026.4,630
2021-09-03,18.6,11.5,26.4,0,0,95.5,6.1,31,1020.9,739
2021-09-04,18.2,12.7,25.2,0,0,59,6.8,25,1018,732
2021-09-05,19.1,12.2,28,0,0,75.6,5.7,15,1020.3,708
2021-09-06,18.9,12.8,26.7,0,0,38.4,6.3,17,1023.5,629
2021-09-07,19.3,13.4,26.8,0,0,101.6,4.6,26,1023.4,422
2021-09-08,20.4,13.3,27.6,0,0,119.2,11.3,31,1017.4,728
2021-09-09,20.6,15.5,28.2,1.6,0,156.2,9,35,1011.6,460
2021-09-10,20.6,18.5,24.2,0.3,0,166.9,7.9,31,1013.4,152
2021-09-11,19.5,17.7,22.9,0,0,235.1,9.2,30,1016.9,289
2021-09-12,18,13.6,22.6,0,0,269.3,6.9,30,1018.5,431
2021-09-13,16.6,11.5,22.6,0,0,77.5,4.5,29,1018.5,440
2021-09-14,19.3,12.2,25.4,0.5,0,135.9,9.7,28,1014.7,397
2021-09-15,19.6,16.4,22.1,5.3,0,220.8,10.8,31,1011.4,0
2021-09-16,16.3,12.9,20.7,0,0,294.6,10.6,27,1016.4,85
2021-09-17,16.4,13.1,20.9,0,0,257.6,5.2,22,1016.5,164
2021-09-18,16.9,11.8,23.3,0,0,84,5,23,1016.3,461
2021-09-19,15.8,12.5,19.8,0,0,111.3,10.5,29,1015.1,287
2021-09-20,14.1,10.6,17.3,0,0,81.7,9.3,26,1019.9,54
2021-09-21,14.1,10,18.6,0,0,33.9,6.1,26,1028.6,435
2021-09-22,13.3,8.2,20.3,0,0,148.1,4.4,16,1028.6,578
2021-09-23,16.1,8.9,22,0,0,228,12,43,1020.1,569
2021-09-24,17.8,14.8,21,0,0,248.6,10.9,33,1017,65
2021-09-25,17.4,12.6,24,0.2,0,159.5,6.9,23,1016.4,629
2021-09-26,19.1,15.8,24.1,0,0,159.6,10.3,33,1015.4,288
2021-09-27,16.7,12,21.8,5.6,0,176.5,12.4,62,1016,130
2021-09-28,13.5,9.6,18,0,0,173.3,7.5,23,1022.2,271
2021-09-29,11.9,9.5,15.4,7.8,0,203.3,15.7,57,1018,199
2021-09-30,12.2,8.6,15.9,0,0,227.6,13.3,39,1025.4,296
2021-10-01,14.2,9.8,19,3.4,0,166.6,16,43,1017.9,331
2021-10-02,15.6,12.7,19.7,1.1,0,164.3,16.6,79,1010,48
2021-10-03,17.7,12.3,21.7,1.7,0,187.6,23.4,80,1001.9,0
2021-10-04,14,11,18.3,0.1,0,176.7,12,45,1015.5,316
2021-10-05,13.2,10.7,18.2,5.5,0,166,17.7,58,1009.1,250
2021-10-06,12,11.4,12.9,2.4,0,233.2,17.6,51,1014.5,19
2021-10-07,12.7,7.9,17.6,0,0,311.7,4.3,25,1026.1,294
2021-10-08,11.9,5.7,19.5,0,0,78.6,6.4,27,1030,571
2021-10-09,11.7,5.8,19.1,0,0,103,7.3,27,1028.8,603
2021-10-10,10,5.1,17.2,0.1,0,134.4,6.1,17,1027.2,592
2021-10-11,11.2,7,15.6,3.7,0,291.4,9.3,28,1026.1,77
2021-10-12,9.8,5.4,13.3,7.9,0,291.2,11.8,32,1021.3,31
2021-10-13,8.8,3.4,13.4,1.8,0,287.8,7.6,25,1025,115
2021-10-14,12.2,9.8,15.5,0.6,0,239.9,9.7,36,1024.7,0
2021-10-15,10.6,5,13.9,0.5,0,272.6,11.8,35,1018.7,105
2021-10-16,6.8,3,13.8,0,0,111.3,3.5,14,1022.5,252
2021-10-17,8.6,2.6,14.6,0,0,143.3,6.4,20,1021.3,441
2021-10-18,10.2,5.9,14.6,4,0,137.6,12.7,41,1022.9,386
2021-10-19,13.9,10.9,17.5,0.5,0,164.5,13.2,48,1018.8,1
2021-10-20,16,12.7,17.9,3.5,0,197.2,17.4,66,1007.7,0
2021-10-21,11,6.5,17.4,6.9,0,247.8,27.4,98,1001.7,46
2021-10-22,8.8,5.1,11.8,0.3,0,259.2,18.9,59,1017.3,143
2021-10-23,9,5.5,11.9,0,0,213.9,6.7,23,1027,68
2021-10-24,8.5,3.8,14.4,0,0,135.5,13.8,41,1025.1,553
2021-10-25,10.1,5.1,16.4,2.7,0,157.1,9.5,43,1019.6,360
2021-10-26,12.5,9.7,16.2,0,0,205.8,9.4,42,1021.1,246
2021-10-27,13.1,8.9,17.3,0,0,182.6,10.2,40,1023.6,134
2021-10-28,10.8,8.2,15.8,0,0,138.8,15.6,47,1018.5,532
2021-10-29,12.5,8.4,17.5,0.3,0,147.5,18.6,51,1010.2,276
2021-10-30,12.6,10.8,14.5,2,0,152.6,18.4,66,1005.4,0
2021-10-31,13,9,17.9,11.6,0,172.1,17,78,1003.9,71
